<?xml version="1.0" encoding="ISO-8859-1"?>
<?S100lineage source="S52Preslib4.0" format="S100Ed2" version="0.1" creationDate="2022-05-25"?>
<?S100Meta name="COLREG01" exposition="Limit of the Collision Regulation"?>
<lineStyle>
   <intervalLength>50</intervalLength>
   <pen width="0.32">
      <color>CHMGD</color>
   </pen>
   <dash>
      <start>0</start>
      <length>15</length>
   </dash>
   <dash>
      <start>35</start>
      <length>15</length>
   </dash>
   <symbol reference="EMCOLREG">
      <position>25</position>
   </symbol>
</lineStyle>
